session_id,typing_intensity,idle_duration,task_switching_frequency,time_coding,time_email,time_meetings,time_socialmedia,time_browsing,time_docs,productivity_score,productivity_label,role,mouse_intensity,cluster_id,role_name
S250,93,17,9,0.81,22.3,4.86,7.7,4.05,20.27,78.65,High,Manager,70.50906805597339,2,Writer
S434,42,6,11,15.56,13.7,7.41,9.26,5.93,8.15,41.0,Medium,Software Engineer,65.77967640895827,0,Developer
S020,25,25,9,16.24,3.65,10.61,10.94,18.23,0.33,6.77,Low,Software Engineer,54.167713147149954,0,Developer
S323,34,10,5,10.83,1.35,13.08,10.83,3.61,20.3,30.81,Low,Writer,39.06937418625404,3,Designer
S333,43,19,4,1.18,23.53,1.76,10.59,8.24,14.71,29.44,Low,Manager,39.33884183878813,1,Analyst
S057,55,6,3,8.57,5.55,9.08,11.34,12.86,12.61,49.94,Medium,Manager,40.24090865689575,3,Designer
S302,72,21,1,2.59,9.83,20.69,0.0,24.31,2.59,52.89,Medium,Manager,61.86217891196121,1,Analyst
S230,79,22,13,11.28,0.51,14.87,9.74,19.49,4.1,56.42,Medium,Manager,78.15700005480164,2,Writer
S332,21,10,9,8.82,4.94,12.35,13.06,0.0,20.82,17.04,Low,Writer,42.24552838482162,0,Developer
S133,21,4,2,1.66,15.76,13.82,14.93,13.55,0.28,12.51,Low,Manager,26.544784145100813,3,Designer
S138,24,22,14,12.38,15.24,3.81,1.27,13.02,14.29,15.83,Low,Manager,48.134921506096745,0,Developer
S424,79,28,1,16.05,10.47,12.21,11.86,6.63,2.79,57.42,Medium,Software Engineer,42.14518868916131,3,Designer
S336,34,8,13,9.4,7.95,1.45,4.7,19.52,16.99,32.28,Low,Analyst,46.23144674000959,0,Developer
S026,37,26,5,9.9,12.9,2.7,7.8,13.5,13.2,21.9,Low,Manager,45.18121158559632,1,Analyst
S465,94,25,11,7.64,13.67,0.93,12.51,11.35,13.9,71.4,High,Writer,76.5071337851304,2,Writer
S282,22,5,10,9.43,20.57,1.29,9.43,6.43,12.86,23.08,Low,Manager,37.303192894107056,0,Developer
S248,89,10,15,14.21,4.21,9.47,2.11,5.79,24.21,86.6,High,Writer,71.15512586341657,2,Writer
S238,26,14,13,3.55,14.19,6.8,13.89,14.78,6.8,11.26,Low,Manager,45.65957887297756,0,Developer
S118,36,1,4,9.58,13.36,13.36,10.08,9.58,4.03,35.26,Low,Manager,34.274811923264544,3,Designer
S043,90,11,1,17.72,4.97,10.88,0.0,11.19,15.23,88.92,High,Software Engineer,56.66308849243833,3,Designer
S221,26,27,10,15.28,15.56,10.83,6.11,11.94,0.28,9.46,Low,Manager,42.55149789316711,0,Developer
S177,98,23,2,0.31,5.34,6.28,16.96,14.76,16.34,71.88,High,Support,65.84987307075042,1,Analyst
S321,86,6,5,1.22,8.16,10.2,13.88,2.04,24.49,77.95,High,Writer,73.15105676822189,2,Writer
S154,38,19,15,20.24,6.04,0.0,6.04,18.11,9.59,29.89,Low,Software Engineer,56.54387818901265,0,Developer
S232,73,29,6,18.23,15.19,11.77,10.25,2.28,2.28,52.74,Medium,Software Engineer,74.27461338318301,2,Writer
S228,76,19,14,10.21,10.53,8.94,13.72,1.91,14.68,59.37,Medium,Writer,72.09399832381226,2,Writer
S418,70,14,11,13.33,3.03,9.7,0.61,17.58,15.76,63.67,Medium,Analyst,69.80884574425825,2,Writer
S204,71,9,10,6.67,4.44,23.56,12.0,1.78,11.56,59.29,Medium,Manager,53.37674336174464,2,Writer
S127,94,5,12,11.27,20.36,10.91,14.18,2.18,1.09,83.84,High,Manager,84.75640042867877,2,Writer
S330,62,2,11,0.0,18.2,16.52,1.35,19.55,4.38,56.09,Medium,Manager,70.79957431313498,1,Analyst
S032,40,24,6,16.34,4.23,4.23,9.58,13.24,12.39,26.94,Low,Software Engineer,40.64717755826901,0,Developer
S114,88,24,3,15.0,12.69,5.19,12.12,9.23,5.77,69.12,Medium,Software Engineer,57.0805413113599,3,Designer
S471,26,19,11,19.32,4.41,7.8,1.36,11.53,15.59,22.71,Low,Software Engineer,40.54960683409897,0,Developer
S272,46,11,7,7.79,6.92,15.29,12.4,15.29,2.31,32.9,Low,Manager,51.47059973382853,0,Developer
S141,42,7,6,7.84,12.7,5.41,14.32,14.59,5.14,33.75,Low,Manager,36.25371979427633,3,Designer
S058,92,23,10,17.87,7.98,2.55,18.51,4.47,8.62,71.66,High,Support,81.47299945940857,2,Writer
S193,73,8,6,13.58,25.47,10.19,2.26,2.26,6.23,71.92,High,Manager,73.89152754911447,2,Writer
S025,70,14,6,16.31,3.69,5.54,6.77,16.31,11.38,62.46,Medium,Software Engineer,45.627655625702445,1,Analyst
S018,67,0,8,10.32,13.38,6.11,7.64,19.49,3.06,64.74,Medium,Manager,58.554101546962514,0,Developer
S266,50,30,12,2.55,4.81,9.62,14.72,13.87,14.43,21.97,Low,Support,70.63980213513237,1,Analyst
S067,80,17,4,12.51,4.24,8.06,12.72,9.96,12.51,66.07,Medium,Support,60.16118608673487,2,Writer
S209,30,29,15,2.71,8.57,11.73,20.75,8.12,8.12,0.0,Low,Manager,48.26138258520336,0,Developer
S480,45,15,7,1.03,10.82,6.7,14.68,15.45,11.33,28.49,Low,Manager,52.71837822684375,1,Analyst
S095,30,23,11,13.25,15.06,8.05,10.65,12.99,0.0,12.92,Low,Manager,45.1448926909427,0,Developer
S254,57,29,0,10.11,4.74,8.53,11.68,16.74,8.21,34.38,Low,Manager,34.82967440650536,1,Analyst
S267,30,12,11,2.59,5.19,17.19,9.41,11.68,13.95,18.88,Low,Writer,40.81534801668654,0,Developer
S024,79,10,6,16.93,6.26,6.99,19.51,2.21,8.1,68.61,Medium,Support,70.22185767737342,2,Writer
S223,72,7,15,0.74,12.52,11.78,2.58,13.62,18.77,65.11,Medium,Writer,86.28932329394233,2,Writer
S262,55,20,4,5.23,2.44,0.7,17.09,17.09,17.44,36.69,Low,Writer,35.365710652309225,1,Analyst
S427,97,17,14,13.59,1.28,12.31,11.28,11.79,9.74,79.43,High,Software Engineer,86.78996347973322,2,Writer
S006,27,23,15,1.06,7.43,2.65,19.65,10.09,19.12,5.01,Low,Support,48.87013429509256,0,Developer
S117,51,19,8,4.49,2.38,15.07,13.48,11.37,13.22,32.39,Low,Manager,60.76992563043803,2,Writer
S046,32,8,14,14.84,18.0,12.32,3.79,2.53,8.53,32.32,Low,Manager,37.27500525701501,0,Developer
S017,70,20,0,6.67,14.51,15.29,8.24,7.45,7.84,53.99,Medium,Manager,35.78632451756539,3,Designer
S463,75,7,4,14.87,2.05,15.38,7.95,5.64,14.1,72.06,High,Manager,56.46020944866298,3,Designer
S358,45,20,12,12.24,3.55,7.89,18.55,14.21,3.55,24.44,Low,Analyst,48.87737376203158,0,Developer
S004,75,28,8,10.53,0.96,9.57,16.91,16.28,5.74,46.89,Medium,Manager,69.49897552134465,2,Writer
S219,27,11,2,10.24,13.66,13.66,5.85,13.9,2.68,21.46,Low,Manager,38.62360499000504,3,Designer
S406,95,0,11,6.26,12.52,3.68,20.98,8.83,7.73,84.36,High,Manager,66.23370028981012,2,Writer
S061,73,21,1,13.89,4.72,14.72,10.83,5.0,10.83,58.15,Medium,Manager,47.42859726147453,3,Designer
S111,35,29,3,3.5,9.03,13.4,7.86,9.9,16.31,15.09,Low,Writer,27.509537209013978,1,Analyst
S319,25,3,15,1.91,21.7,5.11,13.4,12.77,5.11,18.11,Low,Manager,51.47631657462252,0,Developer
S429,32,23,14,15.16,13.26,13.58,4.74,13.26,0.0,17.08,Low,Software Engineer,51.79673630596592,0,Developer
S030,22,25,12,16.82,11.5,5.33,14.58,0.28,11.5,7.99,Low,Software Engineer,50.346588271262696,0,Developer
S438,98,19,2,14.58,0.42,11.25,9.17,5.42,19.17,85.72,High,Writer,69.06833287939453,2,Writer
S472,46,28,8,0.41,8.92,13.38,10.95,22.3,4.05,17.67,Low,Manager,54.022914475587626,1,Analyst
S027,97,10,7,16.54,4.62,8.46,6.54,8.46,15.38,91.94,High,Software Engineer,69.95036293490831,2,Writer
S008,67,17,6,11.17,10.21,10.53,1.91,8.62,17.55,59.92,Medium,Writer,60.9136521790024,1,Analyst
S454,36,5,2,4.0,14.91,14.91,9.09,11.64,5.45,30.77,Low,Manager,32.70791132091282,3,Designer
S109,35,4,10,12.63,8.8,12.86,12.41,9.47,3.83,30.95,Low,Manager,60.41741160070501,0,Developer
S038,61,30,4,5.68,16.22,11.76,13.78,12.16,0.41,32.61,Low,Manager,49.972788631040686,1,Analyst
S158,31,10,14,4.22,25.78,2.81,0.0,25.31,1.88,24.44,Low,Manager,48.71607257790719,1,Analyst
S490,57,23,13,9.17,14.14,4.97,5.35,20.64,5.73,39.01,Low,Manager,54.59173037192727,1,Analyst
S119,63,21,1,23.05,0.79,10.73,12.32,5.56,7.55,51.53,Medium,Software Engineer,47.89504507122028,3,Designer
S115,71,24,5,9.58,29.24,4.54,3.03,12.61,1.01,54.77,Medium,Manager,62.80346231590151,1,Analyst
S176,58,13,9,4.78,14.34,13.63,10.76,4.3,12.19,46.04,Medium,Manager,48.187426258109696,2,Writer
S374,33,1,7,16.86,14.12,3.53,19.22,2.35,3.92,32.68,Low,Manager,34.91315607364678,3,Designer
S182,35,2,10,19.87,13.51,4.37,3.18,5.96,13.11,44.09,Medium,Software Engineer,47.792206482809895,0,Developer
S145,83,25,13,10.99,5.07,19.86,20.7,3.38,0.0,53.04,Medium,Manager,68.43106171947313,2,Writer
S370,84,6,1,8.89,11.48,14.81,7.78,17.04,0.0,74.94,High,Manager,59.13095236827133,3,Designer
S391,96,17,4,11.27,2.74,11.27,13.4,7.61,13.71,80.01,High,Writer,69.63251943718387,2,Writer
S196,71,7,1,9.45,12.05,10.63,13.94,9.69,4.25,61.94,Medium,Manager,42.72804935713503,3,Designer
S405,74,11,2,15.14,10.81,4.59,8.11,7.57,13.78,70.15,High,Software Engineer,47.30201718178301,3,Designer
S276,31,17,4,12.76,8.5,8.74,11.1,10.63,8.27,20.94,Low,Software Engineer,37.74231600689775,3,Designer
S455,70,26,15,6.92,17.31,11.25,16.15,4.9,3.46,42.91,Medium,Manager,66.90329266379965,2,Writer
S142,28,14,6,14.07,12.59,1.85,7.41,17.78,6.3,22.12,Low,Software Engineer,32.15979093287255,0,Developer
S366,24,1,10,6.18,14.56,1.32,13.24,15.0,9.71,22.38,Low,Manager,30.378331023264504,0,Developer
S068,35,4,15,2.2,4.4,14.76,10.68,12.88,15.08,28.23,Low,Writer,38.12110680718028,0,Developer
S211,87,16,8,13.01,7.71,12.77,13.25,12.53,0.72,68.86,Medium,Manager,60.628992755961605,2,Writer
S169,94,20,7,5.91,18.03,7.77,7.46,13.99,6.84,74.94,High,Manager,62.54012837270575,1,Analyst
S494,39,29,9,15.79,11.05,12.0,9.16,8.21,3.79,19.73,Low,Software Engineer,51.45078859505425,0,Developer
S376,65,2,15,5.69,5.97,9.67,7.11,16.49,15.07,60.84,Medium,Manager,72.85820977224034,2,Writer
S401,66,23,3,1.15,18.08,20.77,5.0,12.31,2.69,44.46,Medium,Manager,48.23779054506857,1,Analyst
S273,91,27,11,13.57,3.57,15.36,7.86,18.21,1.43,65.7,Medium,Manager,78.18013267452429,2,Writer
S110,61,5,15,0.9,11.64,17.01,16.12,5.37,8.96,47.77,Medium,Manager,71.70085579639213,2,Writer
S249,35,8,14,14.25,14.25,15.89,12.05,2.19,1.37,28.38,Low,Manager,62.16671012534537,0,Developer
S146,41,11,13,14.1,9.3,3.9,12.0,12.3,8.4,33.49,Low,Software Engineer,44.80127320337703,0,Developer
S093,86,30,3,4.73,14.18,11.27,8.36,20.0,1.45,57.27,Medium,Manager,41.90019183504155,1,Analyst
S153,54,27,1,9.69,12.11,12.91,14.53,5.92,4.84,31.73,Low,Manager,39.765331313761685,3,Designer
S368,47,10,9,4.72,13.62,13.89,10.48,6.81,10.48,37.43,Low,Manager,45.2737518813034,0,Developer
S468,55,11,4,3.37,8.27,16.84,15.0,13.16,3.37,38.98,Low,Manager,24.67829009269653,3,Designer
S084,58,12,1,12.0,0.51,7.91,14.55,14.55,10.47,47.66,Medium,Analyst,47.71362941646916,3,Designer
S246,81,0,1,4.96,13.83,6.52,14.87,11.22,8.61,75.41,High,Manager,40.01626389908539,3,Designer
S166,70,20,10,12.48,18.12,3.22,3.22,18.12,4.83,56.75,Medium,Manager,59.9954666291457,1,Analyst
S164,80,1,12,8.16,14.74,14.74,15.26,0.53,6.58,72.76,High,Manager,63.15964605397235,2,Writer
S200,42,11,4,14.2,14.45,8.33,11.27,7.84,3.92,35.7,Low,Manager,32.42587662324827,3,Designer
S229,93,21,9,11.14,11.57,19.71,6.86,0.0,10.71,76.22,High,Manager,66.14040129354929,2,Writer
S075,79,4,9,12.41,3.72,10.34,24.0,1.24,8.28,67.94,Medium,Manager,72.58603238946532,2,Writer
S479,83,14,10,6.6,1.88,5.03,14.76,18.53,13.19,65.73,Medium,Analyst,72.14061237941065,2,Writer
S359,93,17,10,13.16,9.74,2.37,10.26,14.21,10.26,78.36,High,Software Engineer,65.71909427099006,2,Writer
S251,20,9,15,17.4,11.01,0.0,16.33,3.2,12.07,17.15,Low,Software Engineer,35.51381834319347,0,Developer
S120,71,19,2,13.99,15.23,10.88,0.93,4.66,14.3,64.52,Medium,Manager,51.12914978625415,3,Designer
S311,98,23,14,7.5,14.5,12.0,23.5,1.5,1.0,67.28,Medium,Manager,91.83454708548489,2,Writer
S300,67,13,8,9.55,2.27,4.55,24.55,13.18,5.91,47.52,Medium,Analyst,56.5474843131618,0,Developer
S256,47,21,3,6.18,6.95,14.42,6.7,10.82,14.94,33.05,Low,Writer,33.1221910598402,1,Analyst
S355,91,8,7,20.11,9.72,6.7,2.01,9.39,12.07,91.24,High,Software Engineer,72.32575833205347,2,Writer
S400,35,27,5,10.1,8.32,10.99,8.02,10.69,11.88,18.03,Low,Writer,36.563853961635374,1,Analyst
S226,73,20,8,0.0,4.03,4.03,17.46,16.12,18.36,50.13,Medium,Writer,59.04418235625271,1,Analyst
S354,50,19,5,0.8,6.4,7.6,9.2,16.4,19.6,34.63,Low,Writer,40.95438805219507,1,Analyst
S235,98,28,10,12.3,16.4,3.35,21.24,2.61,4.1,69.3,Medium,Manager,94.94572066101276,2,Writer
S383,64,10,4,15.56,8.89,3.11,18.22,6.67,7.56,55.17,Medium,Support,42.21546954744202,3,Designer
S275,91,3,4,10.43,8.06,10.91,12.09,9.49,9.01,84.98,High,Manager,65.1246058856594,2,Writer
S037,82,5,1,15.83,11.78,5.15,13.99,6.26,6.99,77.99,High,Software Engineer,55.37194862248706,3,Designer
S197,74,19,3,1.02,11.86,6.44,10.85,18.64,11.19,54.51,Medium,Manager,42.14397269209143,1,Analyst
S140,30,20,9,9.25,13.13,9.25,9.85,6.87,11.64,17.48,Low,Manager,34.52553286217359,0,Developer
S365,78,14,3,15.16,3.87,17.1,8.06,7.42,8.39,68.2,Medium,Manager,50.75260223608401,3,Designer
S245,26,4,8,2.09,8.72,4.88,12.56,11.51,20.23,23.19,Low,Writer,37.77338895401257,0,Developer
S440,68,12,3,15.32,8.51,5.96,16.17,10.64,3.4,56.61,Medium,Support,45.99694495486183,3,Designer
S287,71,15,9,0.35,18.84,17.79,1.74,2.79,18.49,60.54,Medium,Manager,55.927125780918814,2,Writer
S060,51,12,12,11.29,6.0,15.88,9.18,14.12,3.53,39.23,Low,Manager,55.898298345817096,0,Developer
S112,82,6,15,0.0,11.73,11.2,12.53,13.07,11.47,68.13,Medium,Manager,82.38605625421242,2,Writer
S090,43,24,6,4.02,13.12,4.82,15.8,8.3,13.93,22.82,Low,Manager,42.74446620626775,1,Analyst
S437,63,17,3,5.32,1.45,16.45,4.84,12.1,19.84,51.71,Medium,Writer,59.40137582210001,1,Analyst
S007,87,13,4,18.26,19.24,9.78,12.07,0.33,0.33,77.14,High,Manager,53.25539981076364,3,Designer
S361,65,30,13,12.59,12.88,7.02,7.32,12.0,8.2,43.06,Medium,Manager,61.34134616245088,1,Analyst
S347,69,26,8,1.76,2.82,12.71,21.18,10.59,10.94,38.68,Low,Manager,63.44792460080294,2,Writer
S339,65,14,9,13.8,15.9,7.5,7.5,14.1,1.2,54.18,Medium,Manager,62.49798323926367,0,Developer
S159,28,19,10,6.79,11.79,1.79,5.0,18.21,16.43,18.15,Low,Analyst,42.76285987870931,1,Analyst
S151,43,19,7,7.91,0.0,14.18,12.2,6.26,19.45,29.41,Low,Writer,48.2030762564418,3,Designer
S178,55,13,8,4.12,21.75,15.37,6.75,2.62,9.38,44.9,Medium,Manager,62.43111022366404,2,Writer
S394,55,22,13,12.67,4.91,9.31,12.93,14.48,5.69,35.33,Low,Manager,70.36188898273623,0,Developer
S185,82,24,3,6.97,7.22,9.71,10.46,14.44,11.2,60.77,Medium,Manager,49.61106953503308,1,Analyst
S450,54,5,10,14.93,1.09,15.48,4.34,15.48,8.69,52.3,Medium,Manager,52.76765936003935,0,Developer
S011,48,20,2,11.04,6.63,14.72,4.05,3.31,20.25,40.45,Medium,Writer,26.124946858150928,3,Designer
S381,63,12,5,24.34,0.42,1.26,9.65,5.03,19.3,63.38,Medium,Software Engineer,57.02927023246253,3,Designer
S104,59,14,14,19.09,13.18,1.82,0.45,22.73,2.73,53.29,Medium,Software Engineer,70.04930036521624,0,Developer
S082,87,20,9,11.58,16.14,10.88,14.39,1.4,5.61,67.91,Medium,Manager,71.21228459003757,2,Writer
S039,79,23,9,12.26,10.43,3.13,15.39,9.65,9.13,58.56,Medium,Manager,69.05764803254715,2,Writer
S315,45,30,7,11.27,11.02,14.69,8.82,5.14,9.06,24.48,Low,Manager,44.09768789434357,3,Designer
S168,50,7,9,11.45,8.24,9.85,12.14,10.76,7.56,43.43,Medium,Manager,48.96639030924693,0,Developer
S470,98,12,3,11.55,20.12,13.42,5.22,8.94,0.75,87.3,High,Manager,69.98071471950817,2,Writer
S297,51,21,3,14.03,4.78,11.64,10.15,14.03,5.37,35.89,Low,Software Engineer,42.50526972105769,3,Designer
S475,88,3,7,14.51,14.23,3.91,11.72,9.49,6.14,84.14,High,Software Engineer,58.77862409916026,2,Writer
S199,46,19,11,5.34,7.85,7.54,12.88,7.54,18.85,30.99,Low,Writer,51.77985192654096,0,Developer
S298,96,0,8,10.99,7.25,12.75,8.13,12.09,8.79,92.6,High,Manager,78.30190615285323,2,Writer
S417,34,25,2,16.59,16.94,5.29,8.12,5.29,7.76,22.75,Low,Manager,26.75376360833145,3,Designer
S147,33,10,3,15.28,10.28,12.78,1.39,4.72,15.56,36.07,Low,Writer,29.25739650306044,3,Designer
S393,86,0,10,13.73,5.1,8.24,10.2,9.41,13.33,85.06,High,Software Engineer,72.31877485861023,2,Writer
S148,33,1,1,16.09,4.02,0.0,18.44,1.68,19.78,37.65,Low,Writer,28.165866474199124,3,Designer
S448,76,18,1,8.75,9.5,12.75,5.0,11.75,12.25,63.82,Medium,Writer,57.71048917728229,1,Analyst
S288,91,18,11,10.35,12.74,3.19,14.07,7.7,11.95,73.83,High,Manager,66.10915393181722,2,Writer
S124,71,6,5,11.05,12.63,5.37,0.63,18.95,11.37,70.45,High,Manager,60.15868469025244,1,Analyst
S369,59,25,10,14.52,10.41,10.68,7.4,6.58,10.41,43.17,Medium,Software Engineer,65.91043872097183,2,Writer
S097,78,21,2,3.27,7.09,21.82,7.09,1.64,19.09,61.54,Medium,Writer,58.46412682149428,2,Writer
S144,92,6,15,8.84,16.11,4.11,12.0,1.89,17.05,85.28,High,Writer,79.18370694269818,2,Writer
S240,50,24,12,1.86,18.26,5.59,14.53,14.53,5.22,25.17,Low,Manager,62.69628895605446,1,Analyst
S443,22,6,9,13.29,18.0,9.86,5.57,6.43,6.86,23.37,Low,Manager,37.983967893851215,0,Developer
S098,34,26,3,20.91,1.82,11.82,12.73,3.18,9.55,20.39,Low,Software Engineer,37.05044804495111,3,Designer
S408,53,0,4,11.8,2.7,19.55,2.7,10.79,12.47,56.72,Medium,Writer,44.24811539416541,3,Designer
S123,87,30,11,20.0,14.67,5.33,2.0,4.0,14.0,72.18,High,Software Engineer,84.12605856345473,2,Writer
S184,47,17,13,18.52,1.21,3.22,15.7,12.89,8.46,34.19,Low,Software Engineer,66.66732898240122,0,Developer
S203,67,21,6,5.31,0.0,8.57,2.45,22.04,21.63,53.15,Medium,Analyst,65.51326127803715,1,Analyst
S247,45,8,5,5.45,3.12,22.6,19.48,2.73,6.62,31.54,Low,Manager,33.77035437130243,3,Designer
S306,45,27,7,11.9,13.33,16.67,0.95,7.62,9.52,30.51,Low,Manager,38.70175578038739,1,Analyst
S299,40,16,7,6.57,8.76,2.63,10.51,7.88,23.65,31.91,Low,Writer,42.11676258139482,1,Analyst
S352,63,24,14,17.19,15.57,7.78,8.11,1.62,9.73,48.77,Medium,Software Engineer,69.76226370872745,2,Writer
S387,96,1,13,13.53,4.85,6.13,14.55,9.7,11.23,90.43,High,Support,75.25597486109837,2,Writer
S396,41,2,2,15.17,17.53,1.01,15.51,8.09,2.7,40.85,Medium,Manager,40.23101667513922,3,Designer
S285,51,12,10,10.49,13.44,15.08,10.16,5.57,5.25,40.78,Medium,Manager,36.35384572453006,0,Developer
S126,75,17,3,8.57,16.84,14.39,2.76,0.0,17.45,67.28,Medium,Writer,64.30651735981819,2,Writer
S303,71,12,2,11.6,19.6,8.4,14.4,4.8,1.2,59.37,Medium,Manager,43.1837914371402,3,Designer
S224,34,1,11,12.38,1.92,11.32,10.68,12.38,11.32,34.04,Low,Software Engineer,44.67404645040634,0,Developer
S419,30,18,4,11.62,21.75,3.0,18.0,3.75,1.88,16.19,Low,Manager,42.52953618463497,3,Designer
S220,27,17,2,3.94,5.1,9.96,13.44,13.67,13.9,13.32,Low,Writer,34.63801160465246,3,Designer
S130,91,8,3,4.41,9.12,1.76,17.35,17.06,10.29,76.89,High,Manager,55.5266486906126,1,Analyst
S421,26,12,15,13.52,2.96,2.54,19.86,19.01,2.11,11.89,Low,Analyst,54.09836488771872,0,Developer
S290,25,14,15,16.98,3.4,7.92,6.51,16.7,8.49,18.77,Low,Software Engineer,63.8036853378196,0,Developer
S445,20,4,6,8.79,6.36,18.18,13.03,10.61,3.03,14.8,Low,Manager,25.930528023617,3,Designer
S377,28,23,5,1.12,13.79,8.94,10.06,10.06,16.02,11.34,Low,Writer,21.3841956476412,1,Analyst
S292,71,7,12,11.94,0.32,11.61,16.13,16.13,3.87,58.19,Medium,Analyst,75.52957603621293,2,Writer
S356,35,13,14,5.33,1.0,8.33,14.67,14.33,16.33,21.9,Low,Writer,62.37794033995823,0,Developer
S295,93,1,15,0.66,18.9,3.31,1.66,19.56,15.91,89.25,High,Manager,84.64205310138438,2,Writer
S397,56,10,9,10.49,6.99,2.33,16.89,16.31,6.99,44.02,Medium,Analyst,48.42547055806637,0,Developer
S341,83,11,7,1.07,4.64,16.43,9.64,11.07,17.14,69.27,Medium,Writer,53.18737163044125,2,Writer
S113,97,10,5,15.87,1.55,2.71,9.68,14.71,15.48,90.25,High,Software Engineer,75.20987601256498,2,Writer
S180,44,6,2,17.67,11.33,3.0,5.33,12.33,10.33,47.48,Medium,Software Engineer,35.4907260000912,3,Designer
S308,51,22,6,11.75,13.92,12.06,8.04,4.95,9.28,37.21,Low,Manager,47.55896382859218,3,Designer
S433,29,13,3,0.56,22.43,1.68,6.73,17.38,11.21,20.72,Low,Manager,35.435222259406736,1,Analyst
S488,41,6,13,11.43,11.79,10.71,10.0,6.79,9.29,37.21,Low,Manager,52.3011285548536,0,Developer
S482,77,22,2,6.71,4.74,5.92,21.32,2.37,18.95,56.09,Medium,Support,55.939358716952505,3,Designer
S423,46,19,1,15.2,9.96,14.41,8.65,0.52,11.27,37.43,Low,Software Engineer,31.985576109489102,3,Designer
S234,26,0,15,21.54,1.15,1.92,13.46,10.38,11.54,30.66,Low,Software Engineer,59.82340629046374,0,Developer
S312,76,29,15,10.88,18.65,18.65,2.8,2.8,6.22,54.62,Medium,Manager,89.33889773103854,2,Writer
S165,76,16,12,3.37,7.08,18.2,14.16,11.12,6.07,54.21,Medium,Manager,68.07532190789497,2,Writer
S137,52,12,2,5.07,10.7,16.34,16.34,11.55,0.0,35.48,Low,Manager,42.17167606758172,3,Designer
S198,21,0,7,15.0,11.56,1.88,12.81,16.25,2.5,22.75,Low,Software Engineer,35.020534298452674,0,Developer
S259,57,3,1,4.19,20.93,0.35,14.65,3.49,16.4,54.95,Medium,Manager,27.98381257167126,3,Designer
S233,62,3,6,12.08,0.81,10.47,16.11,9.26,11.28,56.86,Medium,Support,55.22656396503805,3,Designer
S116,28,1,6,8.81,4.75,16.95,9.15,5.08,15.25,30.0,Low,Writer,30.82070095924661,3,Designer
S121,42,9,10,14.22,0.69,9.02,19.42,12.14,4.51,30.77,Low,Support,57.61618045485834,0,Developer
S350,90,3,2,7.14,13.57,10.48,13.33,10.0,5.48,81.85,High,Manager,64.41463232186469,2,Writer
S225,57,1,0,10.59,7.33,9.23,14.93,6.79,11.13,55.58,Medium,Manager,40.40818397253975,3,Designer
S403,61,1,8,9.88,4.02,6.59,16.1,8.41,15.0,57.78,Medium,Support,60.43016977856041,0,Developer
S398,80,23,13,1.11,16.31,8.29,16.31,3.04,14.93,55.47,Medium,Manager,81.56429951288307,2,Writer
S128,95,5,12,11.52,13.66,9.91,10.98,4.82,9.11,87.78,High,Manager,78.62669335821928,2,Writer
S286,98,0,2,15.34,6.3,4.38,16.16,1.37,16.44,97.61,High,Writer,50.906615073407096,3,Designer
S412,76,6,3,23.75,13.75,2.92,7.5,8.75,3.33,77.14,High,Software Engineer,46.87380908223221,3,Designer
S108,76,22,11,13.11,1.59,19.07,4.37,14.3,7.55,58.48,Medium,Manager,73.63195128248016,2,Writer
S371,24,17,10,16.67,13.94,5.76,8.48,3.64,11.52,18.7,Low,Software Engineer,56.8212648349745,0,Developer
S326,56,17,10,0.62,11.5,11.81,14.3,11.81,9.95,36.11,Low,Manager,66.01389164573239,2,Writer
S134,46,0,0,9.49,9.83,11.19,11.86,1.69,15.93,48.95,Medium,Writer,32.869734979009486,3,Designer
S453,84,19,8,3.14,10.99,10.05,11.94,12.57,11.31,63.45,Medium,Manager,59.208326335626914,1,Analyst
S045,25,2,6,0.76,11.85,7.26,11.46,19.87,8.79,20.13,Low,Manager,25.39064212880532,1,Analyst
S461,33,26,0,10.59,8.82,4.12,10.59,8.24,17.65,19.4,Low,Writer,31.67817729925228,3,Designer
S066,53,14,13,6.76,22.82,5.49,11.83,8.45,4.65,39.46,Low,Manager,67.49845611292604,0,Developer
S284,74,27,7,1.51,22.64,15.09,5.66,13.21,1.89,48.62,Medium,Manager,55.345027556795166,1,Analyst
S086,54,18,2,12.74,16.98,8.49,8.77,8.49,4.53,42.77,Medium,Manager,38.843637460736645,3,Designer
S243,99,1,7,6.79,9.43,9.06,4.53,11.7,18.49,97.79,High,Writer,67.59828322971143,2,Writer
S187,82,19,9,0.0,5.55,9.08,0.0,16.13,29.24,69.67,Medium,Writer,75.90364719072612,1,Analyst
S384,66,30,9,2.92,4.58,6.67,16.67,8.33,20.83,39.05,Low,Writer,54.262398941717926,1,Analyst
S160,78,5,11,5.52,2.07,17.24,7.93,6.9,20.34,72.14,High,Writer,81.0010948520352,2,Writer
S013,89,10,1,14.3,1.4,2.79,18.14,7.33,16.05,79.83,High,Support,57.57744053093349,3,Designer
S036,67,13,4,15.42,2.08,22.92,7.5,6.25,5.83,57.71,Medium,Manager,58.85913495633198,3,Designer
S029,76,26,10,8.4,7.8,13.2,16.2,2.4,12.0,51.56,Medium,Manager,63.25532528335152,2,Writer
S171,46,15,12,5.45,9.47,13.21,3.16,16.36,12.34,35.3,Low,Manager,60.15115783087455,1,Analyst
S143,26,15,2,14.12,13.11,8.07,4.54,5.55,14.62,24.51,Low,Writer,8.704542058061717,3,Designer
S399,78,2,10,2.62,15.37,5.25,17.25,14.62,4.88,66.25,Medium,Manager,79.46833011804733,2,Writer
S343,30,2,0,13.87,14.17,1.51,6.63,14.47,9.35,35.48,Low,Manager,22.55615088272234,3,Designer
S222,37,23,10,8.7,14.49,4.93,12.17,6.09,13.62,21.35,Low,Manager,55.799607345678645,0,Developer
S096,40,22,3,0.46,16.95,2.75,5.5,12.82,21.53,27.42,Low,Writer,26.544819645509424,1,Analyst
S052,54,4,0,15.75,8.42,10.32,4.07,13.3,8.14,56.57,Medium,Software Engineer,22.19747042808665,3,Designer
S241,62,22,6,10.42,5.39,1.08,15.09,20.84,7.19,41.66,Medium,Analyst,49.03344731500538,1,Analyst
S485,34,2,11,5.37,8.96,25.97,4.48,2.69,12.54,33.46,Low,Writer,44.25108119521574,0,Developer
S379,61,21,7,4.89,15.75,11.13,11.4,13.3,3.53,40.15,Medium,Manager,52.94650239424911,1,Analyst
S179,29,1,7,6.54,3.08,17.69,17.31,9.23,6.15,22.82,Low,Manager,37.21549409053865,3,Designer
S042,76,0,9,1.47,13.71,13.22,6.86,12.24,12.49,71.77,High,Manager,64.46171465908121,2,Writer
S499,99,26,2,8.0,18.0,3.67,12.33,3.67,14.33,78.14,High,Manager,68.36662476055216,2,Writer
S422,65,5,2,13.85,1.79,13.85,10.77,9.23,10.51,61.72,Medium,Manager,50.37991635555711,3,Designer
S207,60,27,8,16.23,16.81,0.0,2.61,7.83,16.52,49.14,Medium,Manager,61.00780284062999,1,Analyst
S283,33,0,2,10.52,11.3,7.01,18.31,0.0,12.86,33.97,Low,Manager,45.73474505193592,3,Designer
S255,53,30,6,1.37,2.29,17.4,14.66,12.37,11.91,23.81,Low,Manager,46.89716963914413,1,Analyst
S413,86,10,13,3.08,16.41,0.51,3.08,21.54,15.38,76.7,High,Manager,80.93068203113441,1,Analyst
S005,33,3,11,3.87,10.65,15.16,6.77,11.29,12.26,30.33,Low,Writer,45.88461880559824,0,Developer
S257,42,4,13,9.5,10.25,9.0,12.0,7.75,11.5,38.35,Low,Manager,49.320672512463766,0,Developer
S449,34,23,11,13.66,8.91,0.59,14.85,4.46,17.52,20.57,Low,Writer,43.12998637047015,0,Developer
S101,61,15,3,9.66,10.69,3.45,17.24,11.38,7.59,46.37,Medium,Manager,40.69873718948857,3,Designer
S227,35,6,3,9.49,7.22,7.97,6.84,9.11,19.37,36.51,Low,Writer,26.44386278310181,3,Designer
S430,78,13,15,4.24,10.0,16.67,9.09,7.58,12.42,62.94,Medium,Writer,60.810029821433055,2,Writer
S214,87,20,0,12.82,5.53,11.65,2.04,12.82,15.15,76.33,High,Writer,58.982890794824,1,Analyst
S172,31,26,7,4.77,19.87,5.96,2.38,6.75,20.26,19.07,Low,Writer,43.52874305882983,1,Analyst
S099,93,5,14,7.06,0.71,11.29,11.29,14.82,14.82,82.74,High,Support,92.46880520522066,2,Writer
S293,83,7,3,11.25,12.69,12.69,15.0,2.6,5.77,73.91,High,Manager,43.11024791094721,3,Designer
S216,50,8,8,13.47,1.53,8.27,11.33,16.84,8.57,43.43,Medium,Software Engineer,50.98742102239157,0,Developer
S062,50,14,14,12.11,9.63,9.08,7.98,10.18,11.01,40.78,Medium,Software Engineer,55.72602030142729,0,Developer
S048,77,10,14,6.14,6.98,13.12,5.86,11.16,16.74,67.68,Medium,Writer,91.4758227831948,2,Writer
S033,20,4,8,11.4,2.44,11.95,14.66,13.3,6.24,15.72,Low,Manager,25.627461767344137,0,Developer
S268,47,9,15,4.48,9.25,17.31,13.13,3.88,11.94,35.7,Low,Manager,71.33170065259512,2,Writer
S328,99,30,10,17.06,4.26,17.06,0.0,14.01,7.61,78.25,High,Manager,84.65909088052632,2,Writer
S201,88,20,8,9.09,14.81,8.05,4.42,12.99,10.65,72.91,High,Manager,69.26919220669404,2,Writer
S447,45,29,13,8.74,11.92,11.52,1.19,19.07,7.55,25.1,Low,Manager,74.58349973300797,1,Analyst
S028,58,1,11,19.37,0.38,5.7,9.87,15.57,9.11,59.18,Medium,Software Engineer,53.84603806038692,0,Developer
S425,100,6,5,15.85,12.17,9.06,8.49,5.09,9.34,96.06,High,Software Engineer,67.47283301071242,2,Writer
S231,83,4,14,14.81,4.44,13.33,0.49,14.32,12.59,82.37,High,Software Engineer,84.70291003474576,2,Writer
S261,75,14,4,13.65,11.29,6.35,13.18,9.88,5.65,62.9,Medium,Software Engineer,59.42607936004851,3,Designer
S289,90,29,10,19.31,5.17,11.38,16.9,1.72,5.52,65.15,Medium,Software Engineer,81.23490165723801,2,Writer
S163,94,27,14,8.46,2.01,5.23,20.94,21.34,2.01,60.21,Medium,Analyst,77.32977634677216,2,Writer
S426,67,20,1,10.91,9.09,19.27,17.82,0.36,2.55,46.89,Medium,Manager,34.43263681546333,3,Designer
S139,22,24,2,1.94,7.26,7.26,0.0,24.19,19.35,9.83,Low,Analyst,29.69253981194221,1,Analyst
S063,83,25,12,12.86,10.1,2.45,9.18,8.57,16.84,65.62,Medium,Writer,69.32126099304512,2,Writer
S136,90,5,8,10.22,15.87,12.91,12.91,2.96,5.11,81.45,High,Manager,65.0539908240485,2,Writer
S129,38,9,6,5.78,11.55,16.36,1.6,17.33,7.38,32.76,Low,Manager,50.4096495519162,1,Analyst
S477,25,13,11,11.08,8.68,9.97,10.34,8.86,11.08,17.48,Low,Manager,44.0756393051613,0,Developer
S009,70,24,3,5.78,13.49,14.04,3.03,15.14,8.53,51.97,Medium,Manager,40.26015005086755,1,Analyst
S327,56,2,5,3.3,3.58,8.26,12.66,15.96,16.24,51.01,Medium,Writer,29.305998425953423,3,Designer
S464,60,3,7,2.84,2.49,19.88,14.91,0.0,19.88,53.66,Medium,Writer,69.98504078421473,2,Writer
S065,95,26,15,4.1,4.84,17.14,16.02,0.37,17.52,67.32,Medium,Writer,103.41996063842468,2,Writer
S301,36,15,4,2.43,21.08,23.92,6.08,2.84,3.65,23.78,Low,Manager,40.13308033766492,3,Designer
S015,83,20,13,4.11,10.63,10.97,14.74,2.74,16.8,62.31,Medium,Writer,75.43690964543484,2,Writer
S157,32,11,8,18.77,2.94,0.37,8.47,15.09,14.36,31.03,Low,Software Engineer,48.94939136109162,0,Developer
S041,31,0,12,9.38,17.81,7.5,15.31,7.19,2.81,28.27,Low,Manager,38.47792760934144,0,Developer
S380,49,28,5,12.94,12.35,8.82,12.06,1.76,12.06,31.06,Low,Software Engineer,41.43396436547418,3,Designer
S469,72,15,7,21.59,11.34,20.12,0.0,6.95,0.0,66.03,Medium,Software Engineer,54.79766702865361,3,Designer
S404,42,2,0,10.06,13.16,13.55,5.81,12.77,4.65,42.8,Medium,Manager,39.257579710094845,3,Designer
S217,28,26,2,11.3,8.54,8.54,13.81,7.53,10.29,10.86,Low,Manager,34.21901300852159,3,Designer
S280,39,25,8,6.45,10.0,18.39,10.32,12.58,2.26,16.53,Low,Manager,40.919808187372254,0,Developer
S435,95,17,4,10.95,8.92,11.76,21.89,1.22,5.27,73.83,High,Manager,54.77737957323048,3,Designer
S431,29,27,6,16.47,21.18,8.82,8.24,2.94,2.35,14.61,Low,Manager,48.84050475878356,3,Designer
S338,60,16,3,4.88,4.88,5.85,22.44,0.98,20.98,44.02,Medium,Support,35.05396170252161,3,Designer
S237,92,7,5,13.27,11.34,0.28,4.42,15.21,15.48,90.14,High,Writer,60.8965171843611,1,Analyst
S208,59,13,12,5.02,9.52,15.86,15.07,8.72,5.81,41.7,Medium,Manager,72.98645888915388,2,Writer
S213,73,7,3,9.89,0.99,16.48,4.95,12.53,15.16,68.94,Medium,Writer,55.3142364539906,3,Designer
S296,26,8,12,16.06,5.76,16.06,13.03,7.58,1.52,19.62,Low,Manager,42.18983349510483,0,Developer
S458,26,25,7,14.4,15.09,6.51,1.71,11.66,10.63,16.34,Low,Manager,31.78783812544352,1,Analyst
S252,93,11,8,8.08,14.92,17.41,2.8,3.42,13.37,85.17,High,Manager,77.79355085779507,2,Writer
S489,42,3,15,9.51,10.24,13.54,6.22,18.66,1.83,37.28,Low,Manager,71.26699868957444,0,Developer
S487,25,1,5,6.4,5.18,15.23,10.36,12.18,10.66,24.03,Low,Manager,30.04437805525647,3,Designer
S304,89,21,6,13.13,5.67,16.42,3.88,16.42,4.48,71.92,High,Manager,56.12977821384485,2,Writer
S351,81,26,8,9.1,10.81,7.39,12.8,14.22,5.69,56.39,Medium,Manager,68.54056945609166,2,Writer
S270,40,3,13,15.19,4.18,10.63,12.53,3.8,13.67,39.86,Low,Software Engineer,55.546462473648106,0,Developer
S202,55,12,14,16.59,3.88,15.18,1.76,15.18,7.41,49.25,Medium,Software Engineer,75.62450093064368,0,Developer
S162,48,26,9,10.32,10.32,11.08,7.26,16.05,4.97,28.19,Low,Manager,57.86188993488798,1,Analyst
S044,75,3,1,11.75,7.11,4.95,16.39,17.94,1.86,67.13,Medium,Manager,37.50813304911526,3,Designer
S218,64,1,0,6.0,0.71,12.35,20.47,5.29,15.18,57.75,Medium,Support,41.25095246123821,3,Designer
S402,75,18,13,12.62,12.38,1.67,13.81,13.1,6.43,57.97,Medium,Manager,77.52867649763058,2,Writer
S191,93,24,3,1.81,18.09,0.0,12.66,10.55,16.88,71.33,High,Manager,55.86824143250112,1,Analyst
S310,78,19,6,11.16,8.37,2.79,5.58,26.51,5.58,62.46,Medium,Software Engineer,64.55401609057263,1,Analyst
S260,93,4,1,0.0,11.46,0.76,17.96,10.32,19.49,83.22,High,Writer,48.19545059572677,1,Analyst
S106,70,16,5,0.0,14.16,9.79,14.68,8.5,12.88,51.75,Medium,Manager,51.98470034139201,1,Analyst
S054,100,2,4,16.19,8.57,16.83,7.62,0.63,10.16,99.34,High,Manager,78.43415895271323,2,Writer
S390,84,23,14,6.61,12.2,1.53,7.12,16.78,15.76,64.96,Medium,Analyst,70.30203498742557,1,Analyst
S002,82,28,15,4.66,13.97,13.45,11.12,4.91,11.9,55.61,Medium,Manager,65.55469371533502,2,Writer
S442,49,19,5,7.4,1.92,7.12,12.05,15.89,15.62,34.01,Low,Analyst,44.66240958726253,1,Analyst
S483,75,3,4,3.35,13.04,0.0,5.96,17.89,19.75,73.46,High,Writer,63.57361029843274,1,Analyst
S050,83,19,10,18.0,0.35,16.59,7.76,17.29,0.0,65.77,Medium,Software Engineer,76.0956817775587,2,Writer
S420,73,16,11,0.0,17.6,6.83,9.7,10.78,15.09,56.68,Medium,Manager,54.09060552477968,1,Analyst
S081,42,14,14,8.79,9.7,11.21,13.94,0.0,16.36,31.39,Low,Writer,58.563024861881104,0,Developer
S206,63,12,0,2.44,18.49,14.3,12.91,7.33,4.53,48.88,Medium,Manager,44.43627924755816,3,Designer
S035,74,24,3,9.33,6.0,7.67,5.0,12.67,19.33,59.48,Medium,Writer,63.27197607924557,1,Analyst
S264,33,1,9,0.83,15.42,1.67,20.42,10.42,11.25,25.98,Low,Manager,49.89790462216544,0,Developer
S428,78,30,9,11.52,8.79,6.97,11.21,7.27,14.24,55.21,Medium,Writer,75.91515396978268,2,Writer
S367,92,7,11,2.7,21.62,14.59,8.65,5.95,6.49,80.24,High,Manager,90.85038888956863,2,Writer
S092,89,29,13,19.71,12.26,3.94,11.39,7.45,5.26,67.13,Medium,Software Engineer,88.10386524570289,2,Writer
S340,98,11,2,1.08,14.73,8.26,6.47,17.96,11.5,84.95,High,Manager,52.23937639848163,1,Analyst
S474,87,2,2,12.0,20.0,12.73,6.91,7.64,0.73,84.32,High,Manager,46.373393829190775,3,Designer
S053,58,8,11,5.62,15.47,19.22,6.09,7.03,6.56,49.65,Medium,Manager,68.74120507647349,2,Writer
S346,47,23,5,4.56,13.67,4.81,9.37,15.19,12.41,29.63,Low,Manager,58.70471534968604,1,Analyst
S265,31,23,10,7.64,9.45,4.0,13.09,16.73,9.09,12.33,Low,Manager,52.46862635305108,0,Developer
S242,42,15,0,15.0,10.71,6.0,3.0,19.71,5.57,36.88,Low,Software Engineer,31.30264493537008,3,Designer
S014,65,26,14,10.73,12.72,18.28,6.36,6.36,5.56,44.17,Medium,Manager,54.27598546146345,2,Writer
S316,20,7,2,20.16,10.31,15.47,7.97,2.81,3.28,22.27,Low,Software Engineer,31.379043650220403,3,Designer
S089,91,21,3,8.74,11.95,12.18,11.26,3.45,12.41,73.24,High,Writer,72.7859914054657,2,Writer
S388,79,4,9,5.36,14.55,14.3,5.11,8.94,11.74,74.24,High,Manager,56.83180945368537,2,Writer
S274,76,4,11,11.43,13.81,28.57,2.38,3.81,0.0,71.03,High,Manager,75.87221068563379,2,Writer
S167,71,20,14,17.93,17.61,5.22,7.5,9.13,2.61,57.45,Medium,Software Engineer,71.41120302328326,2,Writer
S329,38,15,9,9.17,11.08,0.76,5.35,12.61,21.02,33.24,Low,Writer,35.13534379307828,1,Analyst
S493,78,19,5,9.68,17.42,19.74,8.52,2.71,1.94,61.06,Medium,Manager,58.07230880016044,2,Writer
S135,69,22,12,6.39,20.95,9.23,17.04,2.49,3.91,45.71,Medium,Manager,69.15219281634542,2,Writer
S307,44,27,10,12.75,5.25,14.62,14.25,6.75,6.38,21.97,Low,Manager,57.996586031249024,0,Developer
S481,32,4,2,3.05,10.36,15.23,0.91,13.71,16.75,33.64,Low,Writer,26.59049274125842,1,Analyst
S320,68,29,5,14.57,12.0,5.43,10.0,6.86,11.14,49.06,Medium,Software Engineer,56.83797210439484,1,Analyst
S244,77,9,15,1.23,11.6,9.14,14.81,14.81,8.4,59.99,Medium,Manager,74.61107229253824,2,Writer
S055,78,2,3,8.41,1.91,8.03,7.64,12.61,21.4,77.88,High,Writer,60.59869206403046,1,Analyst
S364,54,24,7,13.42,13.16,2.63,14.47,5.0,11.32,37.5,Low,Manager,46.60270358999105,3,Designer
S051,72,18,7,4.74,8.84,8.53,11.68,9.16,17.05,56.02,Medium,Writer,48.974684620040485,1,Analyst
S457,85,2,3,8.2,4.59,16.39,4.92,14.75,11.15,81.93,High,Manager,59.30959493217833,2,Writer
S175,35,5,13,5.74,9.57,13.72,6.06,15.96,8.94,30.22,Low,Manager,63.5632788119151,0,Developer
S446,49,16,8,15.24,7.14,9.41,6.16,8.43,13.62,42.4,Medium,Software Engineer,59.83924518331591,0,Developer
S190,95,12,11,1.48,12.22,7.78,18.89,13.33,6.3,73.06,High,Manager,76.81742991251632,2,Writer
S497,83,8,11,16.06,4.24,16.36,9.09,3.94,10.3,76.63,High,Manager,76.12237486594067,2,Writer
S188,49,15,12,15.36,9.38,15.07,10.24,7.39,2.56,37.32,Low,Software Engineer,58.52305104762456,0,Developer
S170,58,9,3,16.94,4.59,1.72,14.07,15.22,7.46,52.04,Medium,Software Engineer,49.98676097347342,3,Designer
S059,30,8,3,0.0,15.74,17.02,23.4,1.7,2.13,14.32,Low,Manager,43.50924584080048,3,Designer
S049,93,18,1,1.46,22.93,8.29,1.95,11.22,14.15,79.76,High,Manager,63.36290557811262,1,Analyst
S345,31,17,7,19.03,7.03,7.45,12.41,6.21,7.86,22.93,Low,Software Engineer,31.02305378534377,3,Designer
S236,45,20,6,1.12,5.3,14.79,12.84,16.74,9.21,23.92,Low,Manager,44.59419706934244,1,Analyst
S253,80,7,8,2.62,8.45,16.6,13.11,6.41,12.82,67.98,Medium,Manager,65.05355904136253,2,Writer
S022,46,0,13,10.4,14.4,7.2,22.0,5.6,0.4,38.46,Low,Manager,42.82527803231294,0,Developer
S314,38,27,7,25.59,0.44,7.5,22.94,1.32,2.21,18.48,Low,Software Engineer,27.50322087583956,3,Designer
S460,84,26,3,1.33,18.9,7.62,8.29,4.97,18.9,63.82,Medium,Manager,64.68882979203478,1,Analyst
S161,40,8,14,13.4,16.14,16.75,13.4,0.0,0.3,31.98,Low,Manager,42.2064424271897,0,Developer
S277,57,15,8,3.53,14.66,4.07,9.77,14.93,13.03,43.87,Medium,Manager,66.48582213774405,1,Analyst
S444,24,26,6,13.64,14.73,15.82,7.64,4.36,3.82,8.76,Low,Manager,27.54800357849125,3,Designer
S192,57,13,8,17.53,19.89,4.04,3.71,8.43,6.4,53.81,Medium,Manager,59.581079084840304,0,Developer
S386,81,27,1,10.67,12.53,6.13,10.13,5.87,14.67,62.42,Medium,Writer,39.34793687985183,3,Designer
S294,27,26,8,13.98,12.71,1.78,12.71,13.47,5.34,9.68,Low,Software Engineer,39.92379310001817,0,Developer
S414,75,16,14,0.36,7.27,10.18,15.27,9.82,17.09,54.95,Medium,Writer,72.73051841145092,2,Writer
S344,59,18,10,16.22,2.84,2.43,15.0,21.89,1.62,41.85,Medium,Software Engineer,58.7589173350795,0,Developer
S258,62,7,2,9.88,12.0,12.71,7.06,1.76,16.59,60.8,Medium,Writer,35.76316124569948,3,Designer
S309,26,24,15,15.79,10.74,15.47,10.74,2.84,4.42,9.94,Low,Software Engineer,53.6726132312127,0,Developer
S150,69,17,10,5.71,4.29,2.86,15.71,5.0,26.43,55.1,Medium,Writer,73.537086805414,2,Writer
S131,50,21,12,8.1,16.2,12.88,17.67,2.94,2.21,28.19,Low,Manager,71.20263625125779,2,Writer
S152,46,1,10,2.02,19.55,12.81,0.67,12.81,12.13,46.78,Medium,Manager,46.8075413999013,1,Analyst
S360,25,7,2,9.53,15.7,9.53,6.17,13.46,5.61,23.52,Low,Manager,27.28260053757356,3,Designer
S100,30,10,6,8.89,16.11,13.61,15.28,3.89,2.22,20.28,Low,Manager,31.41327979722516,3,Designer
S373,55,16,10,0.0,19.12,2.12,6.37,30.8,1.59,36.84,Low,Manager,60.545442543058286,1,Analyst
S088,73,11,15,8.27,18.37,8.57,8.88,15.61,0.31,59.18,Medium,Manager,84.06487075908426,2,Writer
S459,38,2,13,6.58,7.37,15.79,3.42,14.21,12.63,37.58,Low,Manager,52.028647865771234,0,Developer
S331,87,6,14,5.23,16.11,6.04,9.66,5.64,17.32,79.83,High,Writer,91.88590789679374,2,Writer
S215,56,13,13,19.43,15.34,7.84,3.75,6.48,7.16,52.45,Medium,Software Engineer,54.40848291914626,0,Developer
S467,44,12,14,13.38,15.29,7.64,16.43,3.82,3.44,32.57,Low,Manager,65.52943805745251,0,Developer
S122,41,28,2,4.24,16.36,10.91,7.58,17.88,3.03,18.51,Low,Manager,36.13766075314742,1,Analyst
S500,46,25,2,12.83,10.91,9.3,14.76,10.27,1.93,26.02,Low,Manager,38.72445116404534,3,Designer
S021,48,30,1,3.21,25.18,1.61,6.96,18.21,4.82,25.62,Low,Manager,34.2269941220587,1,Analyst
S189,42,12,14,15.61,10.4,11.79,13.18,4.16,4.86,32.79,Low,Software Engineer,52.07105944408099,0,Developer
S072,26,25,9,9.53,13.26,13.02,1.4,13.26,9.53,12.66,Low,Manager,42.38325813199419,1,Analyst
S107,36,7,11,12.41,9.16,11.23,1.48,15.67,10.05,35.74,Low,Software Engineer,35.85348694722874,0,Developer
S271,52,29,7,1.61,21.34,10.07,2.82,15.3,8.86,30.33,Low,Manager,49.54926473477372,1,Analyst
S349,82,21,14,20.58,13.95,13.26,0.0,5.93,6.28,71.73,High,Software Engineer,78.64824742486185,2,Writer
S436,100,11,8,0.63,8.53,17.68,12.32,11.05,9.79,81.52,High,Manager,66.10843038536349,2,Writer
S103,76,22,5,16.76,11.4,4.02,5.03,18.1,4.69,62.13,Medium,Software Engineer,44.4472107763006,1,Analyst
